{
    "KPlugin": {
        "Authors": [
            {
                "Email": "nl@niklaslutze.de",
                "Name": "Niklas Lutze",
                "Name[az]": "%{MÜƏLLİF}",
                "Name[be]": "Niklas Lutze",
                "Name[bg]": "Niklas Lutze",
                "Name[ca@valencia]": "Niklas Lutze",
                "Name[ca]": "Niklas Lutze",
                "Name[cs]": "Niklas Lutze",
                "Name[de]": "Niklas Lutze",
                "Name[en_GB]": "Niklas Lutze",
                "Name[eo]": "%{AŬTORO}",
                "Name[es]": "Niklas Lutze",
                "Name[eu]": "Niklas Lutze",
                "Name[fi]": "Niklas Lutze",
                "Name[fr]": "Niklas Lutze",
                "Name[gl]": "Niklas Lutze",
                "Name[ia]": "Niklas Lutze",
                "Name[id]": "Niklas Lutze",
                "Name[it]": "Niklas Lutze",
                "Name[ka]": "Niklas Lutze",
                "Name[ko]": "Niklas Lutze",
                "Name[nl]": "Niklas Lutze",
                "Name[nn]": "Niklas Lutze",
                "Name[pl]": "Niklas Lutze",
                "Name[pt]": "Niklas Lutze",
                "Name[pt_BR]": "Niklas Lutze",
                "Name[ro]": "Niklas Lutze",
                "Name[ru]": "Niklas Lutze",
                "Name[sl]": "Niklas Lutze",
                "Name[sv]": "Niklas Lutze",
                "Name[tr]": "Niklas Lutze",
                "Name[uk]": "Niklas Lutze",
                "Name[vi]": "Niklas Lutze",
                "Name[x-test]": "xxNiklas Lutzexx",
                "Name[zh_CN]": "Niklas Lutze"
            }
        ],
        "Category": "Utilities",
        "Description": "what your app does in a few words",
        "Description[az]": "Bu proqramın nə işə yaradığı haqqında bir neçə söz",
        "Description[be]": "кароткае апісанне працы вашай праграмы",
        "Description[bg]": "какво прави вашето приложение с няколко думи",
        "Description[ca@valencia]": "Què fa esta aplicació en poques paraules",
        "Description[ca]": "Què fa aquesta aplicació en poques paraules",
        "Description[en_GB]": "what your app does in a few words",
        "Description[eo]": "kion via aplikaĵo faras en kelkaj vortoj",
        "Description[es]": "Lo que hace su aplicación en pocas palabras",
        "Description[eu]": "zure aplikazioak egiten duena hitz gutxitan",
        "Description[fi]": "muutama sana siitä, mitä sovelmasi tekee",
        "Description[fr]": "ce que votre application fait en quelques mots",
        "Description[gl]": "O que fai a aplicación, en poucas palabras.",
        "Description[ia]": "cosa tu app face in pauc parolas",
        "Description[id]": "apa yang dilakukan aplikasi Anda dalam beberapa kata",
        "Description[it]": "Cosa fa la tua applicazione in poche parole",
        "Description[ka]": "რამდენიმე სიტყვით, რას აკეთებს თქვენი აპლიკაცია",
        "Description[ko]": "앱이 하는 일에 대한 간단한 설명",
        "Description[nl]": "wat uw app doet in een paar woorden",
        "Description[nn]": "nokre få ord om kva programmet gjer",
        "Description[pl]": "w kilku słowach opis co robi twój program",
        "Description[pt]": "o que faz a sua aplicação em poucas palavras",
        "Description[pt_BR]": "o que seu aplicativo faz em poucas palavras",
        "Description[ro]": "ce face aplicația, în câteva cuvinte",
        "Description[ru]": "Несколько слов о том, что делает ваша программа",
        "Description[sl]": "v parih besedah kar počne vaša aplikacija",
        "Description[sv]": "vad programmet gör med några få ord",
        "Description[tr]": "uygulamanızı birkaç sözcükle anlatın",
        "Description[uk]": "призначення вашої програми у декількох словах",
        "Description[vi]": "dùng vài từ để mô tả ứng dụng của bạn làm việc gì",
        "Description[x-test]": "xxwhat your app does in a few wordsxx",
        "Description[zh_CN]": "用一个短句概括您的小程序的功能",
        "EnabledByDefault": true,
        "Icon": "applications-system",
        "Id": "org.kde.plasma.ipaddr",
        "License": "LGPL-2.1+",
        "Name": "ipaddr",
        "Name[az]": "%{TƏTBİQ_ADI}",
        "Name[be]": "ipaddr",
        "Name[bg]": "ipaddr",
        "Name[ca@valencia]": "ipaddr",
        "Name[ca]": "ipaddr",
        "Name[cs]": "ipaddr",
        "Name[de]": "ipaddr",
        "Name[en_GB]": "ipaddr",
        "Name[eo]": "ipaddr",
        "Name[es]": "ipaddr",
        "Name[eu]": "ipaddr",
        "Name[fi]": "ipaddr",
        "Name[fr]": "ipaddr",
        "Name[gl]": "ipaddr",
        "Name[ia]": "ipaddr",
        "Name[id]": "ipaddr",
        "Name[it]": "ipaddr",
        "Name[ka]": "ipaddr",
        "Name[ko]": "ipaddr",
        "Name[nl]": "ipaddr",
        "Name[nn]": "ipaddr",
        "Name[pl]": "ipaddr",
        "Name[pt]": "ipaddr",
        "Name[pt_BR]": "ipaddr",
        "Name[ro]": "ipaddr",
        "Name[ru]": "ipaddr",
        "Name[sl]": "ipaddr",
        "Name[sv]": "ipaddr",
        "Name[tr]": "ipaddr",
        "Name[uk]": "ipaddr",
        "Name[vi]": "ipaddr",
        "Name[x-test]": "xxipaddrxx",
        "Name[zh_CN]": "ipaddr",
        "ServiceTypes": [
            "Plasma/Applet"
        ],
        "Version": "1.0",
        "Website": "https://plasma.kde.org/"
    },
    "X-Plasma-API": "declarativeappletscript",
    "X-Plasma-MainScript": "ui/main.qml"
}
